Feature ID	Taxon	Consensus
#q2:types	categorical	categorical
0ebb2cf4a2017aeaefadf9ae5062eb62	k__Bacteria; p__Bacteroidetes; c__Bacteroidia; o__Bacteroidales; f__S24-7; g__; s__	1.0
72e530a4206f2e4804d502f4dfca8387	k__Bacteria; p__Bacteroidetes; c__Bacteroidia; o__Bacteroidales; f__S24-7; g__; s__	1.0
bbee9f3d2ff7eae779b70c7ac2c971e4	k__Bacteria; p__Bacteroidetes; c__Bacteroidia; o__Bacteroidales; f__S24-7; g__; s__	1.0
efa934e07029e49f4b1959b33c677589	k__Bacteria; p__Bacteroidetes; c__Bacteroidia; o__Bacteroidales; f__Bacteroidaceae; g__Bacteroides; s__	0.9
b2ce7f937c4d1e391758282974fcf514	k__Bacteria; p__Bacteroidetes; c__Bacteroidia; o__Bacteroidales; f__Rikenellaceae; g__; s__	1.0
0ad13b6d1cd98ad7e8f6ee9909d33114	k__Bacteria; p__Bacteroidetes; c__Bacteroidia; o__Bacteroidales; f__S24-7; g__; s__	1.0
91c6bd1773aaec302882b43aff6babc4	k__Bacteria; p__Bacteroidetes; c__Bacteroidia; o__Bacteroidales; f__S24-7; g__; s__	1.0
86dd28e7eef150e69182152b80bac0d5	k__Bacteria; p__Bacteroidetes; c__Bacteroidia; o__Bacteroidales; f__S24-7; g__; s__	1.0
0df6c802966e8670279671824da4f10a	k__Bacteria; p__Firmicutes; c__Bacilli; o__Lactobacillales; f__Lactobacillaceae; g__Lactobacillus; s__	1.0
610fec3c1f64661f446a6e8270f23d0c	k__Bacteria; p__Bacteroidetes; c__Bacteroidia; o__Bacteroidales; f__S24-7; g__; s__	1.0
95fdd816723ca482a5caba10bea171c8	k__Bacteria; p__Firmicutes; c__Bacilli; o__Lactobacillales; f__Lactobacillaceae; g__Lactobacillus; s__	1.0
54dcb911e3ab04e9d5b30c3912100b41	k__Bacteria; p__Firmicutes; c__Clostridia; o__Clostridiales; f__; g__; s__	1.0
df0e3d38eec730326754d8c17a8b8efe	k__Bacteria; p__Firmicutes; c__Bacilli; o__Turicibacterales; f__Turicibacteraceae; g__Turicibacter; s__	0.9
ed48afc0cdaf8c5d9801a19cdf95e0b9	k__Bacteria; p__Tenericutes; c__Mollicutes; o__RF39; f__; g__; s__	1.0
1dde417c45171347b0ec07088aa49839	k__Bacteria; p__Bacteroidetes; c__Bacteroidia; o__Bacteroidales; f__S24-7; g__; s__	1.0
2ef1e51ab1cf99a3c6417b05a060830e	k__Bacteria; p__Firmicutes; c__Bacilli; o__Lactobacillales; f__Lactobacillaceae; g__Lactobacillus; s__reuteri	0.7
31217980cfdf305668ba9c8482a34e81	k__Bacteria; p__Firmicutes; c__Clostridia; o__Clostridiales; f__Lachnospiraceae; g__; s__	1.0
82b6b13c800633859b139cf0569b4cda	k__Bacteria; p__Bacteroidetes; c__Bacteroidia; o__Bacteroidales; f__S24-7; g__; s__	1.0
dd3f1d27af1be908d3c3fd143339aa9c	k__Bacteria; p__Firmicutes; c__Clostridia; o__Clostridiales; f__; g__; s__	1.0
693c980645f0af912893409ceee83c7e	k__Bacteria; p__Firmicutes; c__Clostridia; o__Clostridiales; f__Lachnospiraceae; g__; s__	0.6
8da18b476b64f6f053647455b6890f80	k__Bacteria; p__Firmicutes; c__Clostridia; o__Clostridiales; f__Ruminococcaceae; g__Oscillospira; s__	1.0
6a8118b17d1d40cf877db24449ceb616	k__Bacteria; p__Firmicutes; c__Clostridia; o__Clostridiales; f__Ruminococcaceae; g__Oscillospira; s__	1.0
c3ff4c29778c6c86865687a4061a3382	k__Bacteria; p__Firmicutes; c__Clostridia; o__Clostridiales; f__; g__; s__	1.0
37a7e187d35366eb6167cbe90e558af1	k__Bacteria; p__Firmicutes; c__Clostridia; o__Clostridiales; f__Lachnospiraceae; g__; s__	1.0
3dfaa3fabdf04711351c97af550d2921	k__Bacteria; p__Firmicutes; c__Clostridia; o__Clostridiales; f__; g__; s__	1.0
65d43491988bfe557da4d86a5ba25dae	k__Bacteria; p__Firmicutes; c__Bacilli; o__Bacillales; f__Staphylococcaceae; g__Staphylococcus; s__aureus	1.0
b4138e283c45cf0bc5387f9794bdfbcf	k__Bacteria; p__Firmicutes; c__Clostridia; o__Clostridiales; f__; g__; s__	1.0
af140e3881d1c74ce8b17a5c8979dfa5	k__Bacteria; p__Firmicutes; c__Clostridia; o__Clostridiales; f__; g__; s__	1.0
0e064a94474c099cd422c1ef160ab28c	k__Bacteria; p__Firmicutes; c__Clostridia; o__Clostridiales; f__; g__; s__	1.0
cfdf39cd6545fb6a7ddb747c3393c225	k__Bacteria; p__Firmicutes; c__Clostridia; o__Clostridiales; f__; g__; s__	1.0
2c064ac1dddc6cb98a5ca584a68647f8	k__Bacteria; p__Firmicutes; c__Clostridia; o__Clostridiales; f__; g__; s__	1.0
270a745647e1f4f2daefddcae78b43c7	k__Bacteria; p__Firmicutes; c__Clostridia; o__Clostridiales; f__; g__; s__	1.0
37a0a427f45ea3b8299b4a41c10d02e6	k__Bacteria; p__Firmicutes; c__Clostridia; o__Clostridiales; f__; g__; s__	1.0
e04cb8c96d35fee0e181a15fc4511d0c	k__Bacteria; p__Firmicutes; c__Clostridia; o__Clostridiales; f__Lachnospiraceae; g__; s__	1.0
5d6d200a9ac1ce63fef95fdd57cd4039	k__Bacteria; p__Firmicutes; c__Clostridia; o__Clostridiales; f__; g__; s__	1.0
1c281deaf71c6d702d1ddadfa953eac6	k__Bacteria; p__Firmicutes; c__Clostridia; o__Clostridiales; f__Lachnospiraceae; g__; s__	1.0
ea403646ed22d679fa4586263d8fc32f	k__Bacteria; p__Proteobacteria; c__Gammaproteobacteria; o__Pseudomonadales; f__Moraxellaceae; g__Acinetobacter; s__	1.0
bfa3561ca0d31bca54be08e2d9f7937f	k__Bacteria; p__Firmicutes; c__Clostridia; o__Clostridiales; f__Lachnospiraceae; g__; s__	1.0
9f3ae9f6096976f00cd7c13a4717ff1c	k__Bacteria; p__Firmicutes; c__Clostridia; o__Clostridiales; f__Lachnospiraceae; g__; s__	1.0
6c921e3ae0af506f54295d074ca071bc	k__Bacteria; p__Firmicutes; c__Clostridia; o__Clostridiales; f__Lachnospiraceae; g__; s__	1.0
bdf8a26094624622d68509a87fa75ba7	k__Bacteria; p__Firmicutes; c__Bacilli; o__Bacillales; f__Bacillaceae; g__; s__	1.0
2cf0267a31dc6f1b8ee65c913b8f6e4d	k__Bacteria; p__Firmicutes; c__Clostridia; o__Clostridiales; f__; g__; s__	1.0
6e5be229dd49e819c917d2ae8b72610b	k__Bacteria; p__Firmicutes; c__Clostridia; o__Clostridiales; f__Ruminococcaceae; g__Ruminococcus; s__	1.0
5284495840f983847ec0d0b741a9a471	k__Bacteria; p__Firmicutes; c__Clostridia; o__Clostridiales; f__; g__; s__	1.0
d6eda88bd8370a52076b0dafde12249a	k__Bacteria; p__Firmicutes; c__Clostridia; o__Clostridiales; f__; g__; s__	1.0
df1e3080300aed496c300246714bd838	k__Bacteria; p__Firmicutes; c__Clostridia; o__Clostridiales; f__; g__; s__	1.0
476a27c3796dfc1790e181f789663a33	k__Bacteria; p__Firmicutes; c__Clostridia; o__Clostridiales; f__; g__; s__	1.0
62dc76a09326c359be5946507e82e9fa	k__Bacteria; p__Firmicutes; c__Clostridia; o__Clostridiales; f__[Mogibacteriaceae]; g__; s__	1.0
b301115074f6e3de36efa48b692c7f8b	k__Bacteria; p__Firmicutes; c__Clostridia; o__Clostridiales; f__Lachnospiraceae; g__; s__	1.0
0570b4a067b34904d37cb5ddc848b221	k__Bacteria; p__Firmicutes; c__Clostridia; o__Clostridiales; f__Lachnospiraceae; g__; s__	1.0
a6bed81ae136bbcaf60c91d83befaa68	k__Bacteria; p__Firmicutes; c__Clostridia; o__Clostridiales; f__Ruminococcaceae; g__Ruminococcus; s__	1.0
4963d4ed2df490e8bc8d22c472e42a12	k__Bacteria; p__Firmicutes; c__Clostridia; o__Clostridiales; f__Lachnospiraceae; g__; s__	1.0
b472c8e4f9b5ee3ae9ec84a3a7c4e63b	k__Bacteria; p__Firmicutes; c__Clostridia; o__Clostridiales; f__Ruminococcaceae; g__; s__	1.0
e832be098a5318684958d14305267752	k__Bacteria; p__Proteobacteria; c__Epsilonproteobacteria; o__Campylobacterales; f__Helicobacteraceae; g__Helicobacter; s__pylori	1.0
35f3ce6a0ee2829e6ccb193be3c4338b	k__Bacteria; p__Tenericutes; c__Mollicutes; o__Anaeroplasmatales; f__Anaeroplasmataceae; g__Anaeroplasma; s__	1.0
ce72009c0c36b5ff547b9a0c89f669ce	k__Bacteria; p__Tenericutes; c__Mollicutes; o__RF39; f__; g__; s__	1.0
4e8d7a4662640b90817f015280cf5713	k__Bacteria; p__Firmicutes; c__Clostridia; o__Clostridiales; f__Clostridiaceae; g__Clostridium; s__	1.0
35b8c10c192360a7cdad628a185e99e5	k__Bacteria; p__Firmicutes; c__Clostridia; o__Clostridiales; f__; g__; s__	1.0
8224351b2abd16dd4d58c3015ff5e795	k__Bacteria; p__Proteobacteria; c__Betaproteobacteria; o__Neisseriales; f__Neisseriaceae; g__Neisseria; s__cinerea	1.0
ecb3759e804e8c86d9fb0de817207fe9	k__Bacteria; p__Firmicutes; c__Clostridia; o__Clostridiales; f__Ruminococcaceae; g__Oscillospira; s__	1.0
15029a53d91a033bae30c1ad032ad804	k__Bacteria; p__Firmicutes; c__Clostridia; o__Clostridiales; f__; g__; s__	1.0
df8456a1abbfb4c8a2c450b44378d4cb	k__Bacteria; p__Actinobacteria; c__Actinobacteria; o__Actinomycetales; f__Actinomycetaceae; g__Actinomyces; s__	1.0
f9c752d5c510e07c457e029af2d6d31b	k__Bacteria; p__Firmicutes; c__Clostridia; o__Clostridiales; f__Lachnospiraceae; g__; s__	1.0
64bdf63dcb878049e0d12155c8ed7af1	k__Bacteria; p__Firmicutes; c__Clostridia; o__Clostridiales; f__; g__; s__	1.0
958d78a02bef69a795806f97adb117ea	k__Bacteria; p__Firmicutes; c__Clostridia; o__Clostridiales; f__Ruminococcaceae; g__Oscillospira; s__	1.0
4598e7db6dff8f019ff4f6c50dc05df4	k__Bacteria; p__Firmicutes; c__Clostridia; o__Clostridiales; f__Lachnospiraceae; g__; s__	1.0
11401ee29264e6f60b65371a2601cd07	k__Bacteria; p__Firmicutes; c__Clostridia; o__Clostridiales; f__Peptococcaceae; g__rc4-4; s__	1.0
f54447ae705d557e2c2b3777fbdd56f0	k__Bacteria; p__Firmicutes; c__Clostridia; o__Clostridiales; f__Lachnospiraceae; g__; s__	1.0
901c9973bde010c1a5c49023e63cc252	k__Bacteria; p__Firmicutes; c__Clostridia; o__Clostridiales; f__Lachnospiraceae; g__; s__	1.0
721bbde09abf2f51fc7d8caeab5b22f1	k__Bacteria; p__Firmicutes; c__Clostridia; o__Clostridiales; f__Clostridiaceae; g__; s__	1.0
a9b24370bdb02a8ee91855de7b8b2813	k__Bacteria; p__Actinobacteria; c__Actinobacteria; o__Bifidobacteriales; f__Bifidobacteriaceae; g__Bifidobacterium; s__	0.6
99deb3c5ecb022ec05609ebd1112a557	k__Bacteria; p__Bacteroidetes; c__Bacteroidia; o__Bacteroidales; f__Bacteroidaceae; g__Bacteroides; s__	1.0
bf34422106e5974ddf75216e2c05273c	k__Bacteria; p__Firmicutes; c__Clostridia; o__Clostridiales; f__Ruminococcaceae; g__; s__	1.0
811f358e4e89eecbd75298ffce878cba	k__Bacteria; p__Firmicutes; c__Clostridia; o__Clostridiales; f__Lachnospiraceae; g__; s__	1.0
e7cfd084265c4df4856ca07b1c9b24ee	k__Bacteria; p__Firmicutes; c__Bacilli; o__Lactobacillales; f__Streptococcaceae; g__Streptococcus; s__	1.0
5e18094f37d33836726fabc09f8e46fc	k__Bacteria; p__Firmicutes; c__Clostridia; o__Clostridiales; f__; g__; s__	1.0
beb1407c19f7fa27ce3bbc0aa7f36157	k__Bacteria; p__Firmicutes; c__Clostridia; o__Clostridiales; f__; g__; s__	1.0
ce78414357068359ddae6a47b6592a08	k__Bacteria; p__Firmicutes; c__Clostridia; o__Clostridiales; f__Ruminococcaceae; g__; s__	1.0
b358d76cf51dad99d526470074e5f31c	k__Bacteria; p__Firmicutes; c__Clostridia; o__Clostridiales; f__; g__; s__	1.0
50313555c1a4385e25c85b06a5c8ad42	k__Bacteria; p__Firmicutes; c__Clostridia; o__Clostridiales; f__Lachnospiraceae; g__Dorea; s__	1.0
d3d5f57b1c8aafeca61afdb1627d2990	k__Bacteria; p__Firmicutes; c__Clostridia; o__Clostridiales; f__Lachnospiraceae; g__; s__	1.0
c7e785c8e289c83881a0d6d6c5038baa	k__Bacteria; p__Firmicutes; c__Clostridia; o__Clostridiales; f__Lachnospiraceae; g__; s__	0.9
d46e2205f0c6ecf67b51f83d111c509c	k__Bacteria; p__Proteobacteria; c__Gammaproteobacteria; o__Enterobacteriales; f__Enterobacteriaceae; g__; s__	1.0
1d9a5ba78b68a6a4e27d52ccb4dceaa7	k__Bacteria; p__Firmicutes; c__Clostridia; o__Clostridiales; f__; g__; s__	1.0
9908fffab7ed4f3bec44cda2f5084d49	k__Bacteria; p__Firmicutes; c__Bacilli; o__Lactobacillales; f__Enterococcaceae; g__Enterococcus; s__	1.0
60a2e0a4d6760de56ad66a42a4093dc5	k__Bacteria; p__Firmicutes; c__Clostridia; o__Clostridiales; f__Lachnospiraceae; g__[Ruminococcus]; s__gnavus	1.0
e24e7b9b383a4e46a7761d21ddd703aa	k__Bacteria; p__Firmicutes; c__Clostridia; o__Clostridiales; f__; g__; s__	1.0
20ac30224f0d6923615fbc03ac84563f	k__Bacteria; p__Firmicutes; c__Clostridia; o__Clostridiales; f__Ruminococcaceae; g__Oscillospira; s__	1.0
682dde043b6d08cf20021dc1e423446d	k__Bacteria; p__Firmicutes; c__Clostridia; o__Clostridiales; f__; g__; s__	0.9
e9ba53901533347c901fadbda061b68f	k__Bacteria; p__Firmicutes; c__Clostridia; o__Clostridiales; f__Lachnospiraceae; g__; s__	1.0
b8b18f589b294a4bf53dd603995c4963	k__Bacteria; p__TM7; c__TM7-3; o__CW040; f__F16; g__; s__	1.0
8ae518dbb29595b3f79214be0b589066	k__Bacteria; p__Firmicutes; c__Bacilli; o__Bacillales; f__Listeriaceae; g__; s__	1.0
ff9d93d7b7e46787568f2d241caeaf3b	k__Bacteria; p__Proteobacteria; c__Gammaproteobacteria; o__Pseudomonadales; f__Pseudomonadaceae; g__Pseudomonas; s__	1.0
e3055f1b3a2ef5ffe239567f02e0e758	k__Bacteria; p__Firmicutes; c__Bacilli; o__Lactobacillales; f__Streptococcaceae; g__Streptococcus; s__	1.0
daae43be6cf06991f62a085ba8bff3b6	k__Bacteria; p__Bacteroidetes; c__Bacteroidia; o__Bacteroidales; f__S24-7; g__; s__	1.0
c7205100c08de2585db74f670a36edf9	k__Bacteria; p__Firmicutes; c__Clostridia; o__Clostridiales; f__; g__; s__	1.0
0f2a5acc53e55f2c9f0c7409421dc5a0	k__Bacteria; p__Firmicutes; c__Clostridia; o__Clostridiales; f__Ruminococcaceae; g__; s__	0.9
f3e9d78daeea42d345080748e31ae3dd	k__Bacteria; p__Firmicutes; c__Clostridia; o__Clostridiales; f__Ruminococcaceae; g__Oscillospira; s__	1.0
fe9a3e2c5c45bec637506a2ae1eb243c	k__Bacteria; p__Firmicutes; c__Clostridia; o__Clostridiales; f__; g__; s__	1.0
2385fe1c2dd5a3f83237272a6644088b	k__Bacteria; p__[Thermi]; c__Deinococci; o__Deinococcales; f__Deinococcaceae; g__Deinococcus; s__	1.0
41968913d9ca2d9dfd73c99f7947bb01	k__Bacteria; p__Firmicutes; c__Clostridia; o__Clostridiales; f__Lachnospiraceae; g__; s__	1.0
c220411c349b8a75624ff17ef6fd3923	k__Bacteria; p__Firmicutes; c__Clostridia; o__Clostridiales; f__Lachnospiraceae; g__; s__	1.0
096f911c3b198f8abf1001f06307306b	k__Bacteria; p__Firmicutes; c__Clostridia; o__Clostridiales; f__Lachnospiraceae; g__; s__	0.9
f1b5d72cafaaea7b61c531cb90452d9c	k__Bacteria; p__Firmicutes; c__Clostridia; o__Clostridiales; f__Dehalobacteriaceae; g__Dehalobacterium; s__	1.0
c0d5395792eadbf5f62e8ffb14fa0262	k__Bacteria; p__Proteobacteria; c__Alphaproteobacteria; o__Rickettsiales; f__mitochondria; g__; s__	1.0
c8e34bb10306cd8cc72e42eb1313b7c8	k__Bacteria; p__Firmicutes; c__Clostridia; o__Clostridiales; f__; g__; s__	1.0
a6b6710fb78a99a2d9112a2ff620abb6	k__Bacteria; p__Firmicutes; c__Clostridia; o__Clostridiales; f__; g__; s__	0.8
8e6f1849d93723676dff6cb1962941a8	k__Bacteria; p__Firmicutes; c__Clostridia; o__Clostridiales; f__Lachnospiraceae; g__; s__	1.0
223141ee97781bbede60bb494d599448	k__Bacteria; p__Firmicutes; c__Clostridia; o__Clostridiales; f__; g__; s__	1.0
a927fa934cf9d977992764c4dcba0b7d	k__Bacteria; p__Firmicutes; c__Clostridia; o__Clostridiales; f__; g__; s__	1.0
00cd2f68603124759047487807589f27	k__Bacteria; p__Firmicutes; c__Clostridia; o__Clostridiales; f__; g__; s__	1.0
ac28c199405fa8466bdedf16d456edbc	k__Bacteria; p__Firmicutes; c__Clostridia; o__Clostridiales; f__Lachnospiraceae; g__; s__	1.0
03a1f9f63e2fa6c7bdf27d33eba2b09d	k__Bacteria; p__Firmicutes; c__Clostridia; o__Clostridiales; f__; g__; s__	1.0
3562d3a0374b9f2ed190c1a7aa7dedb7	k__Bacteria; p__Firmicutes; c__Clostridia; o__Clostridiales; f__; g__; s__	1.0
f9f8a1e38fcd6166305ee1a90187d5ed	k__Bacteria; p__Firmicutes; c__Clostridia; o__Clostridiales; f__; g__; s__	1.0
1e040db0048bb4067f6d355cb45648dd	k__Bacteria; p__Firmicutes; c__Clostridia; o__Clostridiales; f__; g__; s__	0.9
e1d34bfaee639f5be81d28b8b33c5e2f	k__Bacteria; p__Firmicutes; c__Clostridia; o__Clostridiales; f__; g__; s__	1.0
e21e804c8cb49a5e0492b8fc5454220f	k__Bacteria; p__Bacteroidetes; c__Bacteroidia; o__Bacteroidales; f__Porphyromonadaceae; g__Porphyromonas; s__	1.0
80dd71f0135ba7b0b937f699b90d18d8	k__Bacteria; p__Firmicutes; c__Clostridia; o__Clostridiales; f__Lachnospiraceae; g__; s__	1.0
b65410081c87ed629211d7fb136ec45f	k__Bacteria; p__Firmicutes; c__Clostridia; o__Clostridiales; f__; g__; s__	1.0
ee766857ab5fc018ac26632146bc90e1	k__Bacteria; p__Firmicutes; c__Clostridia; o__Clostridiales; f__Ruminococcaceae; g__Oscillospira; s__	1.0
2197e3c697e9c1427ae1c3277d3c71f9	k__Bacteria; p__Firmicutes; c__Clostridia; o__Clostridiales; f__; g__; s__	1.0
466f240b16ae7967d70c0d1c09d52b3d	k__Bacteria; p__Firmicutes; c__Clostridia; o__Clostridiales; f__; g__; s__	1.0
5f1f6453ad88dc836876671d27f97f58	k__Bacteria; p__Firmicutes; c__Clostridia; o__Clostridiales; f__; g__; s__	1.0
c75ae6008025d80134bd14e9712f9d5c	k__Bacteria; p__Firmicutes; c__Clostridia; o__Clostridiales; f__Lachnospiraceae; g__Coprococcus; s__	1.0
8c65d91e013525d1c8606fab40e0a88b	k__Bacteria; p__Firmicutes; c__Clostridia; o__Clostridiales; f__Lachnospiraceae; g__; s__	1.0
e07164dc4c344fb8e6717042190ef640	k__Bacteria; p__Firmicutes; c__Clostridia; o__Clostridiales; f__Lachnospiraceae; g__; s__	1.0
b72909635060381035aa822951ccee03	k__Bacteria; p__Firmicutes; c__Clostridia; o__Clostridiales; f__; g__; s__	1.0
fcc84f75257e928f79853e39bb2c6d23	k__Bacteria; p__Firmicutes; c__Clostridia; o__Clostridiales; f__; g__; s__	1.0
5f09e0e726ecafb8d3d90d9237c33017	k__Bacteria; p__Firmicutes; c__Clostridia; o__Clostridiales; f__Lachnospiraceae; g__Roseburia; s__	0.7
975aa5c886989b5d915be8945a42cb54	k__Bacteria; p__Firmicutes; c__Clostridia; o__Clostridiales; f__Lachnospiraceae; g__; s__	1.0
13506518b825bfbd65794347af5958c6	k__Bacteria; p__Firmicutes; c__Clostridia; o__Clostridiales; f__; g__; s__	1.0
431b7a050a85f69cfcb3d5bb614a02e9	k__Bacteria; p__Tenericutes; c__Mollicutes; o__RF39; f__; g__; s__	1.0
57e11c3559fa2ef79a2702684229e4ba	k__Bacteria; p__Firmicutes; c__Clostridia; o__Clostridiales; f__; g__; s__	1.0
2d01d21dc12ee96d173b6ab4e83f9a3b	k__Bacteria; p__Firmicutes; c__Clostridia; o__Clostridiales; f__Lachnospiraceae; g__; s__	1.0
dffc86cefa76e3e3d93e7eea450e6807	k__Bacteria; p__Proteobacteria; c__Alphaproteobacteria; o__Rhodobacterales; f__Rhodobacteraceae; g__Rhodobacter; s__sphaeroides	1.0
22907d450b79c927e4ffe34a2d09d2aa	k__Bacteria; p__Firmicutes; c__Clostridia; o__Clostridiales; f__Lachnospiraceae; g__[Ruminococcus]; s__gnavus	1.0
cdb79eecfa38ac58e99bfdef45fabfce	k__Bacteria; p__Firmicutes; c__Clostridia; o__Clostridiales; f__; g__; s__	1.0
d93a3ef54cd04d16c30a94e15287caf4	k__Bacteria; p__Firmicutes; c__Clostridia; o__Clostridiales; f__; g__; s__	1.0
5648dccee530d68ceb3e4d7d22cf8756	k__Bacteria; p__Proteobacteria; c__Gammaproteobacteria; o__Pseudomonadales; f__Pseudomonadaceae; g__Pseudomonas; s__	0.6
08faf2041b38f0c8f2faa68e7d5edd31	k__Bacteria; p__Firmicutes; c__Clostridia; o__Clostridiales; f__Lachnospiraceae; g__; s__	1.0
61db0bd527e07336202fd0ff4578c042	k__Bacteria; p__Firmicutes; c__Clostridia; o__Clostridiales; f__Lachnospiraceae; g__; s__	1.0
cc82a5a0b284dea47583c8afa5a99755	k__Bacteria; p__Firmicutes; c__Clostridia; o__Clostridiales; f__Ruminococcaceae; g__Oscillospira; s__	1.0
446b888f8119b56e60b68ad01e3dd288	k__Bacteria; p__Firmicutes; c__Clostridia; o__Clostridiales; f__Ruminococcaceae; g__; s__	1.0
85db0d60e8985f5dd02b1b3c10e2c371	k__Bacteria; p__Firmicutes; c__Clostridia; o__Clostridiales; f__; g__; s__	1.0
aa47f97eda87d644573886511f2ab067	k__Bacteria; p__Firmicutes; c__Clostridia; o__Clostridiales; f__; g__; s__	1.0
b8cd8bdfb9f24acdc936b524a9d81d57	k__Bacteria; p__Firmicutes; c__Clostridia; o__Clostridiales; f__; g__; s__	1.0
3abae39e94cf51920aec2b9fb42b53a9	k__Bacteria; p__Firmicutes; c__Clostridia; o__Clostridiales; f__[Mogibacteriaceae]; g__; s__	1.0
9129a83558e80b03a9a3ff04d6f61f19	k__Bacteria; p__Firmicutes; c__Clostridia; o__Clostridiales; f__Lachnospiraceae; g__Coprococcus; s__	1.0
d23bbe506e4ded19e9dd017b65275bab	k__Bacteria; p__Firmicutes; c__Clostridia; o__Clostridiales; f__Christensenellaceae; g__; s__	0.9
501a3e687c65822914e1a727e5f43331	k__Bacteria; p__Firmicutes; c__Clostridia; o__Clostridiales; f__Ruminococcaceae; g__Ruminococcus; s__	1.0
49278a5c999a5119dec0511de99e703a	k__Bacteria; p__Firmicutes; c__Clostridia; o__Clostridiales; f__Lachnospiraceae; g__; s__	0.9
851bd80d021dcf4e9f3f11e95310927c	k__Bacteria; p__Firmicutes; c__Clostridia; o__Clostridiales; f__Ruminococcaceae; g__; s__	1.0
7799200040e84123975fe96a93db4500	k__Bacteria; p__Firmicutes; c__Clostridia; o__Clostridiales; f__Lachnospiraceae; g__; s__	1.0
10055b4de0b725f946f9dc5f3e8409df	k__Bacteria; p__Firmicutes; c__Clostridia; o__Clostridiales; f__; g__; s__	1.0
6d4ab2107d92228c6751838e7dbbe697	k__Bacteria; p__Firmicutes; c__Clostridia; o__Clostridiales; f__Lachnospiraceae; g__Coprococcus; s__	1.0
8212472385df0dc1b6527a764d613b7d	k__Bacteria; p__Firmicutes; c__Clostridia; o__Clostridiales; f__; g__; s__	1.0
85a3e769a721c55ca2b9880a56a43373	k__Bacteria; p__Firmicutes; c__Clostridia; o__Clostridiales; f__; g__; s__	1.0
e36be349dea51383ef7c2f26dd242def	k__Bacteria; p__Firmicutes; c__Clostridia; o__Clostridiales; f__; g__; s__	1.0
af26ba64d6f2fab3985dbc4fb2a8241f	k__Bacteria; p__Firmicutes; c__Clostridia; o__Clostridiales; f__; g__; s__	1.0
08eedcaf8f982611c4982038139f6271	k__Bacteria; p__Firmicutes; c__Clostridia; o__Clostridiales; f__; g__; s__	1.0
a490e1b882ad784ba673e53304d25896	k__Bacteria; p__Firmicutes; c__Clostridia; o__Clostridiales; f__; g__; s__	1.0
cd8d2ddb88bbe44dfa61a34dfd244b0b	k__Bacteria; p__Firmicutes; c__Clostridia; o__Clostridiales; f__Ruminococcaceae; g__; s__	0.9
7b28c20e72c6c95b3e604f0849245770	k__Bacteria; p__Verrucomicrobia; c__Verrucomicrobiae; o__Verrucomicrobiales; f__Verrucomicrobiaceae; g__Akkermansia; s__muciniphila	1.0
0a3cf58d4ca062c13d42c9db4ebcbc53	k__Bacteria; p__Cyanobacteria; c__Chloroplast; o__Streptophyta; f__; g__; s__	1.0
b155d97b79acc3086ce118451afa0124	k__Bacteria; p__Firmicutes; c__Clostridia; o__Clostridiales; f__; g__; s__	1.0
eb780084d3c5b406ff6ff7a4734850ec	k__Bacteria; p__Firmicutes; c__Clostridia; o__Clostridiales; f__Lachnospiraceae; g__; s__	1.0
9f714d25a4bc413714e7a989023d5999	k__Bacteria; p__Bacteroidetes; c__Bacteroidia; o__Bacteroidales; f__Bacteroidaceae; g__Bacteroides; s__	0.6
02df8598ac39f1ef54609afb19c8c450	k__Bacteria; p__Firmicutes; c__Bacilli; o__Lactobacillales; f__Streptococcaceae; g__Streptococcus; s__	1.0
912487364b4fda5993a03f47d60111e9	k__Bacteria; p__Firmicutes; c__Clostridia; o__Clostridiales; f__Ruminococcaceae; g__Oscillospira; s__	1.0
b9ed1a2c86edb972db7742981e6901da	k__Bacteria; p__Firmicutes; c__Clostridia; o__Clostridiales; f__Ruminococcaceae; g__; s__	1.0
e238c6f976254aa34d2106b20782549a	k__Bacteria; p__Firmicutes; c__Clostridia; o__Clostridiales; f__Lachnospiraceae; g__; s__	1.0
71388bf0952df19a8fad5f1bfa9d8c43	k__Bacteria; p__Firmicutes; c__Clostridia; o__Clostridiales; f__; g__; s__	0.9
f95b1ff191764f53c85f7e7ab0efb549	k__Bacteria; p__Firmicutes; c__Clostridia; o__Clostridiales; f__; g__; s__	1.0
9cf3ece63fb5e5d8a14a81d6ec6f2b7b	k__Bacteria; p__Firmicutes; c__Clostridia; o__Clostridiales; f__Clostridiaceae; g__Candidatus Arthromitus; s__	1.0
7d518e827d9d6a525a3c1d4b64bdc73c	k__Bacteria; p__Firmicutes; c__Clostridia; o__Clostridiales; f__Ruminococcaceae; g__Oscillospira; s__	1.0
8b112a3d78d318b40b46b3880a5ac5ce	k__Bacteria; p__Firmicutes; c__Clostridia; o__Clostridiales; f__; g__; s__	1.0
4e1bda045e6ba843353281138c649093	k__Bacteria; p__Firmicutes; c__Clostridia; o__Clostridiales; f__; g__; s__	1.0
ff2be076cf928bdf0eb0935b49878911	k__Bacteria; p__Firmicutes; c__Bacilli; o__Lactobacillales; f__Streptococcaceae; g__Streptococcus; s__	1.0
ff316fa5f91785b97b8a10e993cfb8e0	k__Bacteria; p__Firmicutes; c__Clostridia; o__Clostridiales; f__Ruminococcaceae; g__; s__	1.0
235a3631d1cc01de1de9aa6fc9025300	k__Bacteria; p__Firmicutes; c__Clostridia; o__Clostridiales	1.0
9ecb011b73b151660fc0f8650ef1da00	k__Bacteria; p__Firmicutes; c__Clostridia; o__Clostridiales; f__Lachnospiraceae; g__Coprococcus; s__	1.0
1669dfe46ed0ab567bbdc946fdb2b8ef	k__Bacteria; p__Bacteroidetes; c__Bacteroidia; o__Bacteroidales; f__S24-7; g__; s__	1.0
3d253aef8387df4123aa1d1e99c74aea	k__Bacteria; p__Firmicutes; c__Clostridia; o__Clostridiales; f__; g__; s__	1.0
c518773de1fa8f58aebfc3c18e017d10	k__Bacteria; p__Firmicutes; c__Clostridia; o__Clostridiales; f__Ruminococcaceae; g__Oscillospira; s__	0.9
3883c3ab093249287e47ca21ff186ca4	k__Bacteria; p__Firmicutes; c__Clostridia; o__Clostridiales; f__Lachnospiraceae; g__Coprococcus; s__	1.0
45c2b4ab81a86856fb91c5f96544e9bd	k__Bacteria; p__TM7; c__TM7-3; o__CW040; f__F16; g__; s__	1.0
ef2ea87e7d594f50e6e706d946eb089d	k__Bacteria; p__Bacteroidetes; c__Bacteroidia; o__Bacteroidales; f__S24-7; g__; s__	1.0
d925f54f2129619db22eb998d6021440	k__Bacteria; p__Firmicutes; c__Clostridia; o__Clostridiales; f__Ruminococcaceae; g__Ruminococcus; s__	1.0
5eaeab6fa2a8efe96eac7a0712c65080	k__Bacteria; p__Firmicutes; c__Clostridia; o__Clostridiales; f__; g__; s__	1.0
99ee92e36a3bfda54437f2370facd8c8	k__Bacteria; p__Firmicutes; c__Clostridia; o__Clostridiales; f__Ruminococcaceae; g__; s__	1.0
c5e5fd5c9af649aec207b86dee76d5f3	k__Bacteria; p__Firmicutes; c__Clostridia; o__Clostridiales; f__; g__; s__	1.0
630d3298d6df053fa8d57ead7cd4df95	k__Bacteria; p__Firmicutes; c__Clostridia; o__Clostridiales; f__; g__; s__	1.0
934dcdcb25ead801df5ed7b7c9f1477b	k__Bacteria; p__Firmicutes; c__Clostridia; o__Clostridiales; f__; g__; s__	1.0
531aa5958090e7b9ccce63177bb153cc	k__Bacteria; p__Firmicutes; c__Clostridia; o__Clostridiales; f__; g__; s__	1.0
7911816f5e81f650f769aba0d5c708cb	k__Bacteria; p__Cyanobacteria; c__Chloroplast; o__Streptophyta; f__; g__; s__	1.0
3d2cd874a4eea35af603ca0c0c25c89f	k__Bacteria; p__Firmicutes; c__Clostridia; o__Clostridiales; f__; g__; s__	1.0
c4170fd31c9aceb042c699e6c8b0f486	k__Bacteria; p__Firmicutes; c__Clostridia; o__Clostridiales; f__; g__; s__	1.0
2312fa68895be3d61975e48dda211263	k__Bacteria; p__Firmicutes; c__Clostridia; o__Clostridiales; f__Lachnospiraceae; g__Dorea; s__	0.6
19d2d0a3e544be16de60735c221a17e1	k__Bacteria; p__Firmicutes; c__Clostridia; o__Clostridiales; f__; g__; s__	1.0
fd496fd32dc8c08ade2e8b6c9d8ee13d	k__Bacteria; p__Firmicutes; c__Bacilli; o__Lactobacillales; f__Streptococcaceae; g__Streptococcus; s__	1.0
51aac8df56f09e3d493625d4bab1cd7b	k__Bacteria; p__Firmicutes; c__Clostridia; o__Clostridiales; f__Ruminococcaceae; g__; s__	1.0
90341c9ce791289cc32e350b44807ffb	k__Bacteria; p__Actinobacteria; c__Coriobacteriia; o__Coriobacteriales; f__Coriobacteriaceae; g__Adlercreutzia; s__	1.0
dc6238760f7fb47db3501252a3751840	k__Bacteria; p__Tenericutes; c__Mollicutes; o__RF39; f__; g__; s__	1.0
b2224d09fb56fffb7949a37935a5b572	k__Bacteria; p__Firmicutes; c__Clostridia; o__Clostridiales; f__Clostridiaceae; g__; s__	0.9
50c77a7d7927650d7b1a093e9d2c62de	k__Bacteria; p__Firmicutes; c__Clostridia; o__Clostridiales; f__; g__; s__	1.0
65564efafb80060ef155c05105b8ed0b	k__Bacteria; p__Firmicutes; c__Clostridia; o__Clostridiales; f__Lachnospiraceae; g__; s__	0.7
c2f0aed95b7159dbbc1a85f7b652bbc5	k__Bacteria; p__Tenericutes; c__Mollicutes; o__RF39; f__; g__; s__	1.0
